No,제목,회사,지역,Link
1,병동 간호사 모십니다(이브닝전담 간호사),한솔정형외과내과의원,전북 전주시 완산구,https://job.incruit.com/jobdb_info/jobpost.asp?job=2603300002189&src=etc*search
2,"3교대 근무 간호사, 간호조무사, 나이트전담간호사 모집",노블레스요양병원,전남 나주시,https://job.incruit.com/jobdb_info/jobpost.asp?job=2603310003020&src=etc*search
3,간호사 모집,대구시티병원,대구 북구,https://job.incruit.com/jobdb_info/jobpost.asp?job=2603200000613&src=etc*search
4,간호사 모집,수외과의원,경남 창원시 마산회원구,https://job.incruit.com/jobdb_info/jobpost.asp?job=2603310001584&src=etc*search
5,간호사 모집,남원성일병원,전북 남원시,https://job.incruit.com/jobdb_info/jobpost.asp?job=2603230000850&src=etc*search
6,간호사 채용,고양노블요양원,경기 고양시 덕양구,https://job.incruit.com/jobdb_info/jobpost.asp?job=2603230000449&src=etc*search
7,간호사 모집,부여청담병원,충남 부여군,https://job.incruit.com/jobdb_info/jobpost.asp?job=2604010002471&src=etc*search
8,간호사,사임당요양원,경기 수원시 팔달구,https://job.incruit.com/jobdb_info/jobpost.asp?job=2603190003608&src=etc*search
9,간호사 및 간호조무사 모집,함양정신요양원,경남 함양군,https://job.incruit.com/jobdb_info/jobpost.asp?job=2603200001420&src=etc*search
10,간호사 또는 간호조무사 채용,착한노인요양원,강원 강릉시,https://job.incruit.com/jobdb_info/jobpost.asp?job=2604010001690&src=etc*search
11,"병동 3교대 & D/E-keep, N-keep 간호사. 수술실 수간호사&경력간호사,응급실,신장실간호사",희망병원,경남 창원시 진해구,https://job.incruit.com/jobdb_info/jobpost.asp?job=2603190003781&src=etc*search
12,간호사 혹은 간호조무사 구인,(인천)에벤에셀요양원,인천 미추홀구,https://job.incruit.com/jobdb_info/jobpost.asp?job=2603200001784&src=etc*search
13,병동간호사구인,한길병원,전북 완주군,https://job.incruit.com/jobdb_info/jobpost.asp?job=2603270001226&src=etc*search
14,간호사 구합니다,의료법인은경의료재단,부산 동구,https://job.incruit.com/jobdb_info/jobpost.asp?job=2603260000528&src=etc*search
15,간호사채용,어버이주간보호센터,경북 포항시 남구,https://job.incruit.com/jobdb_info/jobpost.asp?job=2603300000662&src=etc*search
16,간호사 채용합니다,파주시민요양원,경기 파주시,https://job.incruit.com/jobdb_info/jobpost.asp?job=2603310000420&src=etc*search
17,간호사 모집,사랑가득요양원,대전 중구,https://job.incruit.com/jobdb_info/jobpost.asp?job=2603180000499&src=etc*search
18,"간호사 ,간호조무사 모집",영주늘좋은내과의원,경북 영주시,https://job.incruit.com/jobdb_info/jobpost.asp?job=2604010001313&src=etc*search
19,간호사 채용,굿모닝요양병원,서울 성동구,https://job.incruit.com/jobdb_info/jobpost.asp?job=2603300003030&src=etc*search
20,간호사 채용,강릉치유재활요양원,강원 강릉시,https://job.incruit.com/jobdb_info/jobpost.asp?job=2603200000565&src=etc*search
21,간호사모집,의료법인성심의료재단,강원 양구군,https://job.incruit.com/jobdb_info/jobpost.asp?job=2603300001553&src=etc*search
22,간호사 채용,원주연세의원,강원 원주시,https://job.incruit.com/jobdb_info/jobpost.asp?job=2603230003736&src=etc*search
23,수술실 간호사 모집,오병원,전남 순천시,https://job.incruit.com/jobdb_info/jobpost.asp?job=2604010001165&src=etc*search
24,야간 전담 간호사 구함,잘본한방병원,광주 북구,https://job.incruit.com/jobdb_info/jobpost.asp?job=2603300002288&src=etc*search
25,간호사 모집,고운아이소아청소년과,경남 진주시,https://job.incruit.com/jobdb_info/jobpost.asp?job=2604010001338&src=etc*search
26,요양병원 간호사 채용,의료법인 한원의료재단 장성요양병원,경북 포항시 북구,https://job.incruit.com/jobdb_info/jobpost.asp?job=2603230004684&src=etc*search
27,간호사모집합니다,의료법인정익의료재단,전북 고창군,https://job.incruit.com/jobdb_info/jobpost.asp?job=2603230003231&src=etc*search
28,간호사 구함,모아산부인과,충남 논산시,https://job.incruit.com/jobdb_info/jobpost.asp?job=2603230000688&src=etc*search
29,방문간호사 구인합니다,간호천사노인복지센터,전북 전주시 덕진구,https://job.incruit.com/jobdb_info/jobpost.asp?job=2603180002425&src=etc*search
30,간호사 (또는 간호조무사) 모집합니다,닥터정요양원,경기 평택시,https://job.incruit.com/jobdb_info/jobpost.asp?job=2603230001942&src=etc*search
31,병동 간호사 모십니다(이브닝전담 간호사),한솔정형외과내과의원,전북 전주시 완산구,https://job.incruit.com/jobdb_info/jobpost.asp?job=2603300002189&src=etc*search
32,"3교대 근무 간호사, 간호조무사, 나이트전담간호사 모집",노블레스요양병원,전남 나주시,https://job.incruit.com/jobdb_info/jobpost.asp?job=2603310003020&src=etc*search
33,간호사 모집,대구시티병원,대구 북구,https://job.incruit.com/jobdb_info/jobpost.asp?job=2603200000613&src=etc*search
34,간호사 모집,수외과의원,경남 창원시 마산회원구,https://job.incruit.com/jobdb_info/jobpost.asp?job=2603310001584&src=etc*search
35,간호사 모집,남원성일병원,전북 남원시,https://job.incruit.com/jobdb_info/jobpost.asp?job=2603230000850&src=etc*search
36,간호사 채용,고양노블요양원,경기 고양시 덕양구,https://job.incruit.com/jobdb_info/jobpost.asp?job=2603230000449&src=etc*search
37,간호사 모집,부여청담병원,충남 부여군,https://job.incruit.com/jobdb_info/jobpost.asp?job=2604010002471&src=etc*search
38,간호사,사임당요양원,경기 수원시 팔달구,https://job.incruit.com/jobdb_info/jobpost.asp?job=2603190003608&src=etc*search
39,간호사 및 간호조무사 모집,함양정신요양원,경남 함양군,https://job.incruit.com/jobdb_info/jobpost.asp?job=2603200001420&src=etc*search
40,간호사 또는 간호조무사 채용,착한노인요양원,강원 강릉시,https://job.incruit.com/jobdb_info/jobpost.asp?job=2604010001690&src=etc*search
41,"병동 3교대 & D/E-keep, N-keep 간호사. 수술실 수간호사&경력간호사,응급실,신장실간호사",희망병원,경남 창원시 진해구,https://job.incruit.com/jobdb_info/jobpost.asp?job=2603190003781&src=etc*search
42,간호사 혹은 간호조무사 구인,(인천)에벤에셀요양원,인천 미추홀구,https://job.incruit.com/jobdb_info/jobpost.asp?job=2603200001784&src=etc*search
43,병동간호사구인,한길병원,전북 완주군,https://job.incruit.com/jobdb_info/jobpost.asp?job=2603270001226&src=etc*search
44,간호사 구합니다,의료법인은경의료재단,부산 동구,https://job.incruit.com/jobdb_info/jobpost.asp?job=2603260000528&src=etc*search
45,간호사채용,어버이주간보호센터,경북 포항시 남구,https://job.incruit.com/jobdb_info/jobpost.asp?job=2603300000662&src=etc*search
46,간호사 채용합니다,파주시민요양원,경기 파주시,https://job.incruit.com/jobdb_info/jobpost.asp?job=2603310000420&src=etc*search
47,간호사 모집,사랑가득요양원,대전 중구,https://job.incruit.com/jobdb_info/jobpost.asp?job=2603180000499&src=etc*search
48,"간호사 ,간호조무사 모집",영주늘좋은내과의원,경북 영주시,https://job.incruit.com/jobdb_info/jobpost.asp?job=2604010001313&src=etc*search
49,간호사 채용,굿모닝요양병원,서울 성동구,https://job.incruit.com/jobdb_info/jobpost.asp?job=2603300003030&src=etc*search
50,간호사 채용,강릉치유재활요양원,강원 강릉시,https://job.incruit.com/jobdb_info/jobpost.asp?job=2603200000565&src=etc*search
51,간호사모집,의료법인성심의료재단,강원 양구군,https://job.incruit.com/jobdb_info/jobpost.asp?job=2603300001553&src=etc*search
52,간호사 채용,원주연세의원,강원 원주시,https://job.incruit.com/jobdb_info/jobpost.asp?job=2603230003736&src=etc*search
53,수술실 간호사 모집,오병원,전남 순천시,https://job.incruit.com/jobdb_info/jobpost.asp?job=2604010001165&src=etc*search
54,야간 전담 간호사 구함,잘본한방병원,광주 북구,https://job.incruit.com/jobdb_info/jobpost.asp?job=2603300002288&src=etc*search
55,간호사 모집,고운아이소아청소년과,경남 진주시,https://job.incruit.com/jobdb_info/jobpost.asp?job=2604010001338&src=etc*search
56,요양병원 간호사 채용,의료법인 한원의료재단 장성요양병원,경북 포항시 북구,https://job.incruit.com/jobdb_info/jobpost.asp?job=2603230004684&src=etc*search
57,간호사모집합니다,의료법인정익의료재단,전북 고창군,https://job.incruit.com/jobdb_info/jobpost.asp?job=2603230003231&src=etc*search
58,간호사 구함,모아산부인과,충남 논산시,https://job.incruit.com/jobdb_info/jobpost.asp?job=2603230000688&src=etc*search
59,방문간호사 구인합니다,간호천사노인복지센터,전북 전주시 덕진구,https://job.incruit.com/jobdb_info/jobpost.asp?job=2603180002425&src=etc*search
60,간호사 (또는 간호조무사) 모집합니다,닥터정요양원,경기 평택시,https://job.incruit.com/jobdb_info/jobpost.asp?job=2603230001942&src=etc*search
61,병동 간호사 모십니다(이브닝전담 간호사),한솔정형외과내과의원,전북 전주시 완산구,https://job.incruit.com/jobdb_info/jobpost.asp?job=2603300002189&src=etc*search
62,"3교대 근무 간호사, 간호조무사, 나이트전담간호사 모집",노블레스요양병원,전남 나주시,https://job.incruit.com/jobdb_info/jobpost.asp?job=2603310003020&src=etc*search
63,간호사 모집,대구시티병원,대구 북구,https://job.incruit.com/jobdb_info/jobpost.asp?job=2603200000613&src=etc*search
64,간호사 모집,수외과의원,경남 창원시 마산회원구,https://job.incruit.com/jobdb_info/jobpost.asp?job=2603310001584&src=etc*search
65,간호사 모집,남원성일병원,전북 남원시,https://job.incruit.com/jobdb_info/jobpost.asp?job=2603230000850&src=etc*search
66,간호사 채용,고양노블요양원,경기 고양시 덕양구,https://job.incruit.com/jobdb_info/jobpost.asp?job=2603230000449&src=etc*search
67,간호사 모집,부여청담병원,충남 부여군,https://job.incruit.com/jobdb_info/jobpost.asp?job=2604010002471&src=etc*search
68,간호사,사임당요양원,경기 수원시 팔달구,https://job.incruit.com/jobdb_info/jobpost.asp?job=2603190003608&src=etc*search
69,간호사 및 간호조무사 모집,함양정신요양원,경남 함양군,https://job.incruit.com/jobdb_info/jobpost.asp?job=2603200001420&src=etc*search
70,간호사 또는 간호조무사 채용,착한노인요양원,강원 강릉시,https://job.incruit.com/jobdb_info/jobpost.asp?job=2604010001690&src=etc*search
71,"병동 3교대 & D/E-keep, N-keep 간호사. 수술실 수간호사&경력간호사,응급실,신장실간호사",희망병원,경남 창원시 진해구,https://job.incruit.com/jobdb_info/jobpost.asp?job=2603190003781&src=etc*search
72,간호사 혹은 간호조무사 구인,(인천)에벤에셀요양원,인천 미추홀구,https://job.incruit.com/jobdb_info/jobpost.asp?job=2603200001784&src=etc*search
73,병동간호사구인,한길병원,전북 완주군,https://job.incruit.com/jobdb_info/jobpost.asp?job=2603270001226&src=etc*search
74,간호사 구합니다,의료법인은경의료재단,부산 동구,https://job.incruit.com/jobdb_info/jobpost.asp?job=2603260000528&src=etc*search
75,간호사채용,어버이주간보호센터,경북 포항시 남구,https://job.incruit.com/jobdb_info/jobpost.asp?job=2603300000662&src=etc*search
76,간호사 채용합니다,파주시민요양원,경기 파주시,https://job.incruit.com/jobdb_info/jobpost.asp?job=2603310000420&src=etc*search
77,간호사 모집,사랑가득요양원,대전 중구,https://job.incruit.com/jobdb_info/jobpost.asp?job=2603180000499&src=etc*search
78,"간호사 ,간호조무사 모집",영주늘좋은내과의원,경북 영주시,https://job.incruit.com/jobdb_info/jobpost.asp?job=2604010001313&src=etc*search
79,간호사 채용,굿모닝요양병원,서울 성동구,https://job.incruit.com/jobdb_info/jobpost.asp?job=2603300003030&src=etc*search
80,간호사 채용,강릉치유재활요양원,강원 강릉시,https://job.incruit.com/jobdb_info/jobpost.asp?job=2603200000565&src=etc*search
81,간호사모집,의료법인성심의료재단,강원 양구군,https://job.incruit.com/jobdb_info/jobpost.asp?job=2603300001553&src=etc*search
82,간호사 채용,원주연세의원,강원 원주시,https://job.incruit.com/jobdb_info/jobpost.asp?job=2603230003736&src=etc*search
83,수술실 간호사 모집,오병원,전남 순천시,https://job.incruit.com/jobdb_info/jobpost.asp?job=2604010001165&src=etc*search
84,야간 전담 간호사 구함,잘본한방병원,광주 북구,https://job.incruit.com/jobdb_info/jobpost.asp?job=2603300002288&src=etc*search
85,간호사 모집,고운아이소아청소년과,경남 진주시,https://job.incruit.com/jobdb_info/jobpost.asp?job=2604010001338&src=etc*search
86,요양병원 간호사 채용,의료법인 한원의료재단 장성요양병원,경북 포항시 북구,https://job.incruit.com/jobdb_info/jobpost.asp?job=2603230004684&src=etc*search
87,간호사모집합니다,의료법인정익의료재단,전북 고창군,https://job.incruit.com/jobdb_info/jobpost.asp?job=2603230003231&src=etc*search
88,간호사 구함,모아산부인과,충남 논산시,https://job.incruit.com/jobdb_info/jobpost.asp?job=2603230000688&src=etc*search
89,방문간호사 구인합니다,간호천사노인복지센터,전북 전주시 덕진구,https://job.incruit.com/jobdb_info/jobpost.asp?job=2603180002425&src=etc*search
90,간호사 (또는 간호조무사) 모집합니다,닥터정요양원,경기 평택시,https://job.incruit.com/jobdb_info/jobpost.asp?job=2603230001942&src=etc*search
